{
    "name": "§6Eeveetaur",
    "description": "Eeveetaurs are fluffy dog/fox/cat-like taurs that have an unstable genetic makeup, granting them many possible evolutions.",
    "powers": [
        "eeveelutiontaurs:quadrupedal",
        "eeveelutiontaurs:tackle",
        "eeveelutiontaurs:growl",
        "eeveelutiontaurs:eeveelutions",
        "eeveelutiontaurs:eeveelutions_cobblemon",
        "eeveelutiontaurs:eeveelutions_tooltips",
        "eeveelutiontaurs:eeveelutions_tooltips_cobblemon",
        "eeveelutiontaurs:large_stance",
        "eeveelutiontaurs:fighting_weakness"
    ],
    "icon": {
        "item": "minecraft:brown_wool"
    },
    "impact": 1
}