{
    "name": "§eJolteontaur",
    "description": "Evolving from Eeveetaurs with Electric Type abilities, Jolteontaurs have bodies that can store thousands of volts of electricity.",
    "powers": [
        "eeveelutiontaurs:quadrupedal",
        "eeveelutiontaurs:lightning_rod",
        "eeveelutiontaurs:quick_feet",
        "eeveelutiontaurs:static",
        "eeveelutiontaurs:thunder_wave",
        "eeveelutiontaurs:large_stance",
        "eeveelutiontaurs:discharge"
    ],
    "icon": {
        "item": "minecraft:yellow_wool"
    },
    "unchoosable": true,
    "impact": 2
}