{
    "name": "Aqua Ring",
    "description": "As a Vaporeontaur, you have access to the Water Type move Aqua Ring, which allows you to surround yourself with a veil of water and heal for some health (1 minute cooldown).",
    "type": "origins:active_self",
    "entity_action": {
        "type": "origins:and",
        "actions": [
            {
                "type": "origins:execute_command",
                "command": "particle minecraft:rain ~ ~1 ~ 2 0.2 2 0.2 2000"
            },
            {
                "type": "origins:execute_command",
                "command": "particle minecraft:heart ~ ~1 ~ 0.5 0.5 0.5 0.2 20"
            },
            {
                "type": "origins:play_sound",
                "sound": "minecraft:entity.generic.splash",
                "volume": 1,
                "pitch": 1.2
            },
            {
                "type": "origins:heal",
                "amount": 7
            }
        ]
    },
    "cooldown": 1200,
    "hud_render": {
        "should_render": true,
        "sprite_location": "origins:textures/gui/community/huang/resource_bar_01.png",
        "bar_index": 4
    },
    "key": {
        "key": "key.origins.secondary_active"
    }
}