{
    "name": "Aqueous",
    "description": "Due to your incredibly water-like biology, negative status effects linger in your body for twice as long.",
    "type": "origins:modify_status_effect_duration",
    "status_effects": [
        "minecraft:weakness",
        "minecraft:poison",
        "minecraft:slowness",
        "minecraft:mining_fatigue",
        "minecraft:darkness",
        "minecraft:blindness",
        "minecraft:hunger",
        "minecraft:nausea",
        "minecraft:wither",
        "minecraft:levitation",
        "minecraft:unluck"
    ],
    "modifier": {
        "operation": "multiply_total",
        "value": 1
    }
}