{
    "name": "Bullet Seed",
    "description": "You have access to the move Bullet Seed, which allows you to fire a burst of bullet projectiles that deal considerable damage.",
    "type": "origins:active_self",
    "entity_action": {
        "type": "origins:and",
        "actions": [
            {
                "type": "origins:delay",
                "action": {
                    "type": "origins:and",
                    "actions": [
                        {
                            "type": "origins:raycast",
                            "distance": 20,
                            "block": true,
                            "entity": true,
                            "shape_type": "outline",
                            "fluid_handling": "any",
                            "bientity_action": {
                                "type": "origins:target_action",
                                "action": {
                                    "type": "origins:and",
                                    "actions": [
                                        {
                                            "type": "origins:damage",
                                            "amount": 5.5,
                                            "damage_type": "arrow"
                                        }
                                    ]
                                }
                            },
                            "space": "world",
                            "command_along_ray": "particle minecraft:crit ~ ~ ~ 0.1 0.1 0.1 0 10 normal",
                            "command_step": 1
                        },
                        {
                            "type": "origins:play_sound",
                            "sound": "minecraft:block.stone_button.click_off",
                            "volume": 1,
                            "pitch": 1.2
                        }
                    ]
                },
                "ticks": 0
            },
            {
                "type": "origins:delay",
                "action": {
                    "type": "origins:and",
                    "actions": [
                        {
                            "type": "origins:raycast",
                            "distance": 20,
                            "block": true,
                            "entity": true,
                            "shape_type": "outline",
                            "fluid_handling": "any",
                            "bientity_action": {
                                "type": "origins:target_action",
                                "action": {
                                    "type": "origins:and",
                                    "actions": [
                                        {
                                            "type": "origins:damage",
                                            "amount": 5.5,
                                            "damage_type": "arrow"
                                        }
                                    ]
                                }
                            },
                            "space": "world",
                            "command_along_ray": "particle minecraft:crit ~ ~ ~ 0.1 0.1 0.1 0 10 normal",
                            "command_step": 1
                        },
                        {
                            "type": "origins:play_sound",
                            "sound": "minecraft:block.stone_button.click_off",
                            "volume": 1,
                            "pitch": 1.2
                        }
                    ]
                },
                "ticks": 10
            },
            {
                "type": "origins:delay",
                "action": {
                    "type": "origins:and",
                    "actions": [
                        {
                            "type": "origins:raycast",
                            "distance": 20,
                            "block": true,
                            "entity": true,
                            "shape_type": "outline",
                            "fluid_handling": "any",
                            "bientity_action": {
                                "type": "origins:target_action",
                                "action": {
                                    "type": "origins:and",
                                    "actions": [
                                        {
                                            "type": "origins:damage",
                                            "amount": 5.5,
                                            "damage_type": "arrow"
                                        }
                                    ]
                                }
                            },
                            "space": "world",
                            "command_along_ray": "particle minecraft:crit ~ ~ ~ 0.1 0.1 0.1 0 10 normal",
                            "command_step": 1
                        },
                        {
                            "type": "origins:play_sound",
                            "sound": "minecraft:block.stone_button.click_off",
                            "volume": 1,
                            "pitch": 1.2
                        }
                    ]
                },
                "ticks": 20
            },
            {
                "type": "origins:delay",
                "action": {
                    "type": "origins:and",
                    "actions": [
                        {
                            "type": "origins:raycast",
                            "distance": 20,
                            "block": true,
                            "entity": true,
                            "shape_type": "outline",
                            "fluid_handling": "any",
                            "bientity_action": {
                                "type": "origins:target_action",
                                "action": {
                                    "type": "origins:and",
                                    "actions": [
                                        {
                                            "type": "origins:damage",
                                            "amount": 5.5,
                                            "damage_type": "arrow"
                                        }
                                    ]
                                }
                            },
                            "space": "world",
                            "command_along_ray": "particle minecraft:crit ~ ~ ~ 0.1 0.1 0.1 0 10 normal",
                            "command_step": 1
                        },
                        {
                            "type": "origins:play_sound",
                            "sound": "minecraft:block.stone_button.click_off",
                            "volume": 1,
                            "pitch": 1.2
                        }
                    ]
                },
                "ticks": 30
            },
            {
                "type": "origins:delay",
                "action": {
                    "type": "origins:and",
                    "actions": [
                        {
                            "type": "origins:raycast",
                            "distance": 20,
                            "block": true,
                            "entity": true,
                            "shape_type": "outline",
                            "fluid_handling": "any",
                            "bientity_action": {
                                "type": "origins:target_action",
                                "action": {
                                    "type": "origins:and",
                                    "actions": [
                                        {
                                            "type": "origins:damage",
                                            "amount": 5.5,
                                            "damage_type": "arrow"
                                        }
                                    ]
                                }
                            },
                            "space": "world",
                            "command_along_ray": "particle minecraft:crit ~ ~ ~ 0.1 0.1 0.1 0 10 normal",
                            "command_step": 1
                        },
                        {
                            "type": "origins:play_sound",
                            "sound": "minecraft:block.stone_button.click_off",
                            "volume": 1,
                            "pitch": 1.2
                        }
                    ]
                },
                "ticks": 40
            }
        ]
    },
    "cooldown": 300,
    "hud_render": {
        "should_render": true,
        "sprite_location": "origins:textures/gui/community/huang/resource_bar_01.png",
        "bar_index": 16
    },
    "key": {
        "key": "key.origins.secondary_active"
    }
}