{
    "name": "Clouded Mind",
    "description": "Despite your Psychic mind, you are more easily manipulated by dark powers. You take extra damage while in darkness.",
    "type": "origins:modify_damage_taken",
    "bientity_condition": {
        "type": "origins:target_condition",
        "condition": {
            "type": "origins:brightness",
            "comparison": "<=",
            "compare_to": 0.1
        }
    },
    "modifier": {
        "operation": "multiply_total",
        "value": 0.5
    }
}