{
    "name": "Confused",
    "description": "You have been confused, causing you to accidentally hurt yourself sometimes by attacking.",
    "hidden": true,
    "type": "origins:multiple",
    "bar": {
        "type": "origins:resource",
        "min": 0,
        "max": 10,
        "start_value": 10,
        "hud_render": {
            "should_render": true,
            "sprite_location": "origins:textures/gui/community/spiderkolo/resource_bar_01.png",
            "bar_index": 19
        },
        "min_action": {
            "type": "origins:remove_power",
            "power": "eeveelutiontaurs:confused"
        }
    },
    "countdown": {
        "type": "origins:action_over_time",
        "interval": 20,
        "entity_action": {
            "type": "origins:modify_resource",
            "resource": "eeveelutiontaurs:confused_bar",
            "modifier": {
                "operation": "addition",
                "value": -1
            }
        }
    },
    "particles": {
        "type": "origins:particle",
        "particle": "minecraft:witch",
        "frequency": 5,
        "count": 1,
        "speed": 0,
        "spread": {
            "x": 0.5,
            "y": 0.25,
            "z": 0.5
        },
        "offset_x": 0,
        "offset_y": 1,
        "offset_z": 0,
        "visible_while_invisible": true
    },
    "remove_on_death": {
        "type": "origins:action_on_death",
        "bientity_action": {
            "type": "origins:target_action",
            "action": {
                "type": "origins:remove_power",
                "power": "eeveelutiontaurs:confused"
            }
        }
    },
    "damage": {
        "type": "origins:self_action_on_hit",
        "entity_action": {
            "type": "origins:chance",
            "chance": 0.5,
            "action": {
                "type": "origins:damage",
                "amount": 5,
                "damage_type": "magic"
            },
            "fail_action": {
                "type": "origins:nothing"
            }
        },
        "hud_render": {
            "should_render": false
        }
    }
}