{
    "name": "Discharge",
    "description": "As a side-effect of your static powers, you lose your entire gauge if you come in contact with a metal or a body of water. While it doesn’t hurt you, it considerably weakens and slows you as well while your electrical power is sapped.",
    "type": "origins:multiple",
    "metallic_decrease": {
        "condition": {
            "type": "origins:or",
            "conditions": [
                {
                    "type": "origins:on_block",
                    "block_condition": {
                        "type": "origins:and",
                        "conditions": [
                            {
                                "type": "origins:in_tag",
                                "tag": "eeveelutiontaurs:metallic_blocks"
                            },
                            {
                                "inverted": true,
                                "type": "origins:in_tag",
                                "tag": "eeveelutiontaurs:static_blocks"
                            }
                        ]
                    }
                },
                {
                    "type": "origins:fluid_height",
                    "fluid": "minecraft:water",
                    "comparison": ">",
                    "compare_to": 0
                },
                {
                    "type": "origins:equipped_item",
                    "equipment_slot": "head",
                    "item_condition": {
                        "type": "origins:ingredient",
                        "ingredient": {
                            "tag": "eeveelutiontaurs:metallic_armor"
                        }
                    }
                },
                {
                    "type": "origins:equipped_item",
                    "equipment_slot": "chest",
                    "item_condition": {
                        "type": "origins:ingredient",
                        "ingredient": {
                            "tag": "eeveelutiontaurs:metallic_armor"
                        }
                    }
                },
                {
                    "type": "origins:equipped_item",
                    "equipment_slot": "legs",
                    "item_condition": {
                        "type": "origins:ingredient",
                        "ingredient": {
                            "tag": "eeveelutiontaurs:metallic_armor"
                        }
                    }
                },
                {
                    "type": "origins:equipped_item",
                    "equipment_slot": "feet",
                    "item_condition": {
                        "type": "origins:ingredient",
                        "ingredient": {
                            "tag": "eeveelutiontaurs:metallic_armor"
                        }
                    }
                }
            ]
        },
        "type": "origins:action_over_time",
        "interval": 6,
        "entity_action": {
            "type": "origins:and",
            "actions": [
                {
                    "type": "origins:modify_resource",
                    "resource": "eeveelutiontaurs:static_bar",
                    "modifier": {
                        "operation": "addition",
                        "value": -50
                    }
                },
                {
                    "type": "origins:apply_effect",
                    "effect": {
                        "effect": "minecraft:weakness",
                        "duration": 100,
                        "amplifier": 0,
                        "show_particles": true,
                        "show_icon": true
                    }
                },
                {
                    "type": "origins:apply_effect",
                    "effect": {
                        "effect": "minecraft:slowness",
                        "duration": 100,
                        "amplifier": 2,
                        "show_particles": true,
                        "show_icon": true
                    }
                }
            ]
        }
    }
}