{
    "name": "Eeveelutions",
    "description": "As an Eeveetaur, you have many different paths for how you may evolve.",
    "badges": [
        {
            "type": "origins:tooltip",
            "text": "§cBe warned that, once you choose your evolution, you cannot go back on it.",
            "sprite": "origins:textures/gui/badge/info.png"
        }
    ],
    "type": "origins:multiple",
    "espeontaur": {
        "condition": {
            "inverted": true,
            "type": "origins:sneaking"
        },
        "type": "origins:edible_item",
        "item_condition": {
            "type": "origins:ingredient",
            "ingredient": {
                "item": "minecraft:phantom_membrane"
            }
        },
        "food_component": {
            "hunger": 0,
            "saturation": 0,
            "always_edible": true
        },
        "consume_animation": "drink",
        "consume_sound": "minecraft:block.amethyst_block.fall",
        "consuming_time_modifier": {
            "operation": "set_total",
            "value": 2
        },
        "entity_action": {
            "type": "origins:and",
            "actions": [
                {
                    "type": "origins:play_sound",
                    "sound": "minecraft:entity.player.levelup",
                    "volume": 2,
                    "pitch": 0.6
                },
                {
                    "type": "origins:execute_command",
                    "command": "origin set @s origins:origin eeveelutiontaurs:espeontaur"
                },
                {
                    "type": "origins:execute_command",
                    "command": "particle minecraft:end_rod ~ ~0.5 ~ 1 1 1 0.2 200"
                },
                {
                    "type": "origins:execute_command",
                    "command": "title @s actionbar [{\"text\":\"You Have Evolved Into: \"},{\"text\":\"Espeontaur\",\"color\":\"dark_purple\"}]"
                }
            ]
        },
        "priority": 0
    },
    "flareontaur": {
        "condition": {
            "inverted": true,
            "type": "origins:sneaking"
        },
        "type": "origins:edible_item",
        "item_condition": {
            "type": "origins:ingredient",
            "ingredient": {
                "item": "minecraft:blaze_rod"
            }
        },
        "food_component": {
            "hunger": 0,
            "saturation": 0,
            "always_edible": true
        },
        "consume_animation": "drink",
        "consume_sound": "minecraft:block.amethyst_block.fall",
        "consuming_time_modifier": {
            "operation": "set_total",
            "value": 2
        },
        "entity_action": {
            "type": "origins:and",
            "actions": [
                {
                    "type": "origins:play_sound",
                    "sound": "minecraft:entity.player.levelup",
                    "volume": 2,
                    "pitch": 0.6
                },
                {
                    "type": "origins:execute_command",
                    "command": "origin set @s origins:origin eeveelutiontaurs:flareontaur"
                },
                {
                    "type": "origins:execute_command",
                    "command": "particle minecraft:end_rod ~ ~0.5 ~ 1 1 1 0.2 200"
                },
                {
                    "type": "origins:execute_command",
                    "command": "title @s actionbar [{\"text\":\"You Have Evolved Into: \"},{\"text\":\"Flareontaur\",\"color\":\"red\"}]"
                }
            ]
        },
        "priority": 0
    },
    "glaceontaur": {
        "condition": {
            "inverted": true,
            "type": "origins:sneaking"
        },
        "type": "origins:edible_item",
        "item_condition": {
            "type": "origins:ingredient",
            "ingredient": {
                "item": "minecraft:blue_ice"
            }
        },
        "food_component": {
            "hunger": 0,
            "saturation": 0,
            "always_edible": true
        },
        "consume_animation": "drink",
        "consume_sound": "minecraft:block.amethyst_block.fall",
        "consuming_time_modifier": {
            "operation": "set_total",
            "value": 2
        },
        "entity_action": {
            "type": "origins:and",
            "actions": [
                {
                    "type": "origins:play_sound",
                    "sound": "minecraft:entity.player.levelup",
                    "volume": 2,
                    "pitch": 0.6
                },
                {
                    "type": "origins:execute_command",
                    "command": "origin set @s origins:origin eeveelutiontaurs:glaceontaur"
                },
                {
                    "type": "origins:execute_command",
                    "command": "particle minecraft:end_rod ~ ~0.5 ~ 1 1 1 0.2 200"
                },
                {
                    "type": "origins:execute_command",
                    "command": "title @s actionbar [{\"text\":\"You Have Evolved Into: \"},{\"text\":\"Glaceontaur\",\"color\":\"aqua\"}]"
                }
            ]
        },
        "priority": 0
    },
    "jolteontaur": {
        "condition": {
            "inverted": true,
            "type": "origins:sneaking"
        },
        "type": "origins:edible_item",
        "item_condition": {
            "type": "origins:ingredient",
            "ingredient": {
                "item": "minecraft:waxed_copper_block"
            }
        },
        "food_component": {
            "hunger": 0,
            "saturation": 0,
            "always_edible": true
        },
        "consume_animation": "drink",
        "consume_sound": "minecraft:block.amethyst_block.fall",
        "consuming_time_modifier": {
            "operation": "set_total",
            "value": 2
        },
        "entity_action": {
            "type": "origins:and",
            "actions": [
                {
                    "type": "origins:play_sound",
                    "sound": "minecraft:entity.player.levelup",
                    "volume": 2,
                    "pitch": 0.6
                },
                {
                    "type": "origins:execute_command",
                    "command": "origin set @s origins:origin eeveelutiontaurs:jolteontaur"
                },
                {
                    "type": "origins:execute_command",
                    "command": "particle minecraft:end_rod ~ ~0.5 ~ 1 1 1 0.2 200"
                },
                {
                    "type": "origins:execute_command",
                    "command": "title @s actionbar [{\"text\":\"You Have Evolved Into: \"},{\"text\":\"Jolteontaur\",\"color\":\"yellow\"}]"
                }
            ]
        },
        "priority": 0
    },
    "leafeontaur": {
        "condition": {
            "inverted": true,
            "type": "origins:sneaking"
        },
        "type": "origins:edible_item",
        "item_condition": {
            "type": "origins:ingredient",
            "ingredient": {
                "item": "minecraft:glistering_melon_slice"
            }
        },
        "food_component": {
            "hunger": 0,
            "saturation": 0,
            "always_edible": true
        },
        "consume_animation": "drink",
        "consume_sound": "minecraft:block.amethyst_block.fall",
        "consuming_time_modifier": {
            "operation": "set_total",
            "value": 2
        },
        "entity_action": {
            "type": "origins:and",
            "actions": [
                {
                    "type": "origins:play_sound",
                    "sound": "minecraft:entity.player.levelup",
                    "volume": 2,
                    "pitch": 0.6
                },
                {
                    "type": "origins:execute_command",
                    "command": "origin set @s origins:origin eeveelutiontaurs:leafeontaur"
                },
                {
                    "type": "origins:execute_command",
                    "command": "particle minecraft:end_rod ~ ~0.5 ~ 1 1 1 0.2 200"
                },
                {
                    "type": "origins:execute_command",
                    "command": "title @s actionbar [{\"text\":\"You Have Evolved Into: \"},{\"text\":\"Leafeontaur\",\"color\":\"dark_green\"}]"
                }
            ]
        },
        "priority": 0
    },
    "sylveontaur": {
        "condition": {
            "inverted": true,
            "type": "origins:sneaking"
        },
        "type": "origins:edible_item",
        "item_condition": {
            "type": "origins:ingredient",
            "ingredient": {
                "item": "minecraft:amethyst_shard"
            }
        },
        "food_component": {
            "hunger": 0,
            "saturation": 0,
            "always_edible": true
        },
        "consume_animation": "drink",
        "consume_sound": "minecraft:block.amethyst_block.fall",
        "consuming_time_modifier": {
            "operation": "set_total",
            "value": 2
        },
        "entity_action": {
            "type": "origins:and",
            "actions": [
                {
                    "type": "origins:play_sound",
                    "sound": "minecraft:entity.player.levelup",
                    "volume": 2,
                    "pitch": 0.6
                },
                {
                    "type": "origins:execute_command",
                    "command": "origin set @s origins:origin eeveelutiontaurs:sylveontaur"
                },
                {
                    "type": "origins:execute_command",
                    "command": "particle minecraft:end_rod ~ ~0.5 ~ 1 1 1 0.2 200"
                },
                {
                    "type": "origins:execute_command",
                    "command": "title @s actionbar [{\"text\":\"You Have Evolved Into: \"},{\"text\":\"Sylveontaur\",\"color\":\"light_purple\"}]"
                }
            ]
        },
        "priority": 0
    },
    "umbreontaur": {
        "condition": {
            "inverted": true,
            "type": "origins:sneaking"
        },
        "type": "origins:edible_item",
        "item_condition": {
            "type": "origins:ingredient",
            "ingredient": {
                "item": "minecraft:echo_shard"
            }
        },
        "food_component": {
            "hunger": 0,
            "saturation": 0,
            "always_edible": true
        },
        "consume_animation": "drink",
        "consume_sound": "minecraft:block.amethyst_block.fall",
        "consuming_time_modifier": {
            "operation": "set_total",
            "value": 2
        },
        "entity_action": {
            "type": "origins:and",
            "actions": [
                {
                    "type": "origins:play_sound",
                    "sound": "minecraft:entity.player.levelup",
                    "volume": 2,
                    "pitch": 0.6
                },
                {
                    "type": "origins:execute_command",
                    "command": "origin set @s origins:origin eeveelutiontaurs:umbreontaur"
                },
                {
                    "type": "origins:execute_command",
                    "command": "particle minecraft:end_rod ~ ~0.5 ~ 1 1 1 0.2 200"
                },
                {
                    "type": "origins:execute_command",
                    "command": "title @s actionbar [{\"text\":\"You Have Evolved Into: \"},{\"text\":\"Umbreontaur\",\"color\":\"dark_gray\"}]"
                }
            ]
        },
        "priority": 0
    },
    "vaporeontaur": {
        "condition": {
            "inverted": true,
            "type": "origins:sneaking"
        },
        "type": "origins:edible_item",
        "item_condition": {
            "type": "origins:ingredient",
            "ingredient": {
                "item": "minecraft:heart_of_the_sea"
            }
        },
        "food_component": {
            "hunger": 0,
            "saturation": 0,
            "always_edible": true
        },
        "consume_animation": "drink",
        "consume_sound": "minecraft:block.amethyst_block.fall",
        "consuming_time_modifier": {
            "operation": "set_total",
            "value": 2
        },
        "entity_action": {
            "type": "origins:and",
            "actions": [
                {
                    "type": "origins:play_sound",
                    "sound": "minecraft:entity.player.levelup",
                    "volume": 2,
                    "pitch": 0.6
                },
                {
                    "type": "origins:execute_command",
                    "command": "origin set @s origins:origin eeveelutiontaurs:vaporeontaur"
                },
                {
                    "type": "origins:execute_command",
                    "command": "particle minecraft:end_rod ~ ~0.5 ~ 1 1 1 0.2 200"
                },
                {
                    "type": "origins:execute_command",
                    "command": "title @s actionbar [{\"text\":\"You Have Evolved Into: \"},{\"text\":\"Vaporeontaur\",\"color\":\"dark_aqua\"}]"
                }
            ]
        },
        "priority": 0
    }
}