{
    "name": "Fighting Weakness",
    "description": "Due to your weakness to fighting types, you take +1 damage from all melee attacks.",
    "type": "origins:modify_damage_taken",
    "damage_condition": {
        "type": "origins:or",
        "conditions": [
            {
                "type": "origins:type",
                "damage_type": "mob_attack"
            },
            {
                "type": "origins:type",
                "damage_type": "player_attack"
            }
        ]
    },
    "modifier": {
        "operation": "addition",
        "value": 1
    }
}