{
    "name": "Flame Pouch",
    "description": "You are capable of breathing out fire with your main ability. Your gauge controls how long you can use the ability, and refills over time, faster in warm environments.",
    "badges": [
        {
            "type": "origins:tooltip",
            "text": "§cGauge refills more quickly in hot biomes.",
            "sprite": "origins:textures/gui/badge/info.png"
        }
    ],
    "type": "origins:multiple",
    "bar": {
        "type": "origins:resource",
        "min": 0,
        "max": 100,
        "start_value": 100,
        "hud_render": {
            "should_render": true,
            "sprite_location": "origins:textures/gui/community/huang/resource_bar_02.png",
            "bar_index": 15
        }
    },
    "increase": {
        "condition": {
            "type": "origins:and",
            "conditions": [
                {
                    "inverted": true,
                    "type": "origins:in_rain"
                },
                {
                    "type": "origins:fluid_height",
                    "fluid": "minecraft:water",
                    "comparison": "==",
                    "compare_to": 0
                }
            ]
        },
        "type": "origins:action_over_time",
        "interval": 20,
        "entity_action": {
            "type": "origins:modify_resource",
            "resource": "eeveelutiontaurs:flame_pouch_bar",
            "modifier": {
                "operation": "addition",
                "value": 1
            }
        }
    },
    "decrease": {
        "condition": {
            "type": "origins:or",
            "conditions": [
                {
                    "type": "origins:in_rain"
                },
                {
                    "type": "origins:fluid_height",
                    "fluid": "minecraft:water",
                    "comparison": ">",
                    "compare_to": 0
                }
            ]
        },
        "type": "origins:action_over_time",
        "interval": 20,
        "entity_action": {
            "type": "origins:modify_resource",
            "resource": "eeveelutiontaurs:flame_pouch_bar",
            "modifier": {
                "operation": "addition",
                "value": -20
            }
        }
    },
    "breathe_fire": {
        "condition": {
            "type": "origins:and",
            "conditions": [
                {
                    "type": "origins:fluid_height",
                    "fluid": "minecraft:water",
                    "comparison": "==",
                    "compare_to": 0
                },
                {
                    "inverted": true,
                    "type": "origins:in_rain"
                },
                {
                    "type": "origins:resource",
                    "resource": "eeveelutiontaurs:flame_pouch_bar",
                    "comparison": ">",
                    "compare_to": 0
                }
            ]
        },
        "type": "origins:active_self",
        "entity_action": {
            "type": "origins:and",
            "actions": [
                {
                    "type": "origins:play_sound",
                    "sound": "minecraft:entity.blaze.shoot",
                    "volume": 1,
                    "pitch": 1
                },
                {
                    "type": "origins:raycast",
                    "distance": 24,
                    "block": true,
                    "entity": true,
                    "shape_type": "outline",
                    "fluid_handling": "any",
                    "bientity_action": {
                        "type": "origins:target_action",
                        "action": {
                            "type": "origins:and",
                            "actions": [
                                {
                                    "type": "origins:damage",
                                    "amount": 5,
                                    "damage_type": "on_fire"
                                },
                                {
                                    "type": "origins:set_on_fire",
                                    "duration": 5
                                }
                            ]
                        }
                    },
                    "block_action": {
                        "type": "origins:if_else",
                        "condition": {
                            "type": "origins:or",
                            "conditions": [
                                {
                                    "type": "origins:or",
                                    "conditions": [
                                        {
                                            "type": "origins:block",
                                            "block": "minecraft:campfire"
                                        },
                                        {
                                            "type": "origins:block",
                                            "block": "minecraft:soul_campfire"
                                        }
                                    ]
                                },
                                {
                                    "type": "origins:water_loggable"
                                }
                            ]
                        },
                        "if_action": {
                            "type": "origins:modify_block_state",
                            "property": "lit",
                            "operation": "add",
                            "value": true,
                            "enum": "true"
                        }
                    },
                    "space": "world",
                    "command_at_hit": "fill ~1 ~ ~1 ~ ~ ~ minecraft:fire keep",
                    "command_along_ray": "particle minecraft:flame ~ ~ ~ 0.2 0.2 0.2 0.07 30"
                },
                {
                    "type": "origins:modify_resource",
                    "resource": "eeveelutiontaurs:flame_pouch_bar",
                    "modifier": {
                        "operation": "addition",
                        "value": -2
                    }
                }
            ]
        },
        "cooldown": 2,
        "hud_render": {
            "should_render": false
        },
        "key": {
            "key": "key.origins.primary_active",
            "continuous": true
        }
    },
    "increase_fast": {
        "condition": {
            "type": "origins:and",
            "conditions": [
                {
                    "inverted": true,
                    "type": "origins:in_rain"
                },
                {
                    "type": "origins:fluid_height",
                    "fluid": "minecraft:water",
                    "comparison": "==",
                    "compare_to": 0
                },
                {
                    "type": "origins:biome",
                    "condition": {
                        "type": "origins:temperature",
                        "comparison": "==",
                        "compare_to": 2
                    }
                }
            ]
        },
        "type": "origins:action_over_time",
        "interval": 20,
        "entity_action": {
            "type": "origins:modify_resource",
            "resource": "eeveelutiontaurs:flame_pouch_bar",
            "modifier": {
                "operation": "addition",
                "value": 2
            }
        }
    }
}