{
    "name": "Growl",
    "description": "As an Eeveetaur, you have access to the Normal Type move Growl, which briefly weakens others nearby (30 second cooldown).",
    "type": "origins:active_self",
    "entity_action": {
        "type": "origins:and",
        "actions": [
            {
                "type": "origins:play_sound",
                "sound": "minecraft:entity.wolf.growl",
                "volume": 1,
                "pitch": 1.7
            },
            {
                "type": "origins:area_of_effect",
                "radius": 16,
                "bientity_action": {
                    "type": "origins:target_action",
                    "action": {
                        "type": "origins:apply_effect",
                        "effect": {
                            "effect": "minecraft:weakness",
                            "duration": 200,
                            "amplifier": 0,
                            "show_particles": true,
                            "show_icon": true
                        }
                    }
                }
            },
            {
                "type": "origins:execute_command",
                "command": "particle minecraft:angry_villager ~ ~ ~ 0.5 0.5 0.5 0 20"
            }
        ]
    },
    "cooldown": 600,
    "hud_render": {
        "should_render": true,
        "sprite_location": "origins:textures/gui/community/huang/resource_bar_02.png",
        "bar_index": 7
    },
    "key": {
        "key": "key.origins.secondary_active"
    }
}