{
    "name": "Heat Intolerant",
    "description": "You take extra damage from fire, and its sources.",
    "type": "origins:modify_damage_taken",
    "damage_condition": {
        "type": "origins:or",
        "conditions": [
            {
                "type": "origins:name",
                "name": "inFire"
            },
            {
                "type": "origins:name",
                "name": "hotFloor"
            },
            {
                "type": "origins:name",
                "name": "onFire"
            },
            {
                "type": "origins:name",
                "name": "lava"
            }
        ]
    },
    "modifier": {
        "operation": "multiply_total",
        "value": 0.5
    }
}