{
    "name": "Icy Wind",
    "description": "You have access to the move Icy Wind, which inflicts moderate damage and slows enemies significantly (30 second cooldown)",
    "badges": [
        {
            "type": "origins:tooltip",
            "text": "§bMust sneak to activate",
            "sprite": "origins:textures/gui/badge/info.png"
        }
    ],
    "condition": {
        "type": "origins:sneaking"
    },
    "type": "origins:active_self",
    "entity_action": {
        "type": "origins:area_of_effect",
        "radius": 20,
        "bientity_action": {
            "type": "origins:and",
            "actions": [
                {
                    "type": "origins:target_action",
                    "action": {
                        "type": "origins:and",
                        "actions": [
                            {
                                "type": "origins:damage",
                                "amount": 7,
                                "damage_type": "freeze"
                            },
                            {
                                "type": "origins:apply_effect",
                                "effect": {
                                    "effect": "minecraft:slowness",
                                    "duration": 300,
                                    "amplifier": 3,
                                    "show_particles": true,
                                    "show_icon": true
                                }
                            }
                        ]
                    }
                },
                {
                    "type": "origins:actor_action",
                    "action": {
                        "type": "origins:execute_command",
                        "command": "particle minecraft:snowflake ~ ~4 ~ 20 2 20 0.2 2000"
                    }
                }
            ]
        }
    },
    "cooldown": 600,
    "hud_render": {
        "should_render": true,
        "sprite_location": "origins:textures/gui/community/spiderkolo/resource_bar_02.png",
        "bar_index": 8
    },
    "key": {
        "key": "key.origins.primary_active"
    }
}