{
    "name": "Leech Seed",
    "description": "You have access to the move Leech Seed, which allows you to plant a seed on them that temporarily drains their health and restores your own health with it.",
    "type": "origins:active_self",
    "entity_action": {
        "type": "origins:and",
        "actions": [
            {
                "type": "origins:raycast",
                "distance": 20,
                "block": true,
                "entity": true,
                "shape_type": "outline",
                "fluid_handling": "any",
                "bientity_action": {
                    "type": "origins:and",
                    "actions": [
                        {
                            "type": "origins:target_action",
                            "action": {
                                "type": "origins:and",
                                "actions": [
                                    {
                                        "type": "origins:play_sound",
                                        "sound": "minecraft:block.sweet_berry_bush.pick_berries",
                                        "volume": 1,
                                        "pitch": 1
                                    },
                                    {
                                        "type": "origins:grant_power",
                                        "power": "eeveelutiontaurs:seeded",
                                        "source": "eeveelutiontaurs:leech_seed"
                                    }
                                ]
                            }
                        },
                        {
                            "type": "origins:actor_action",
                            "action": {
                                "type": "origins:grant_power",
                                "power": "eeveelutiontaurs:leeching",
                                "source": "eeveelutiontaurs:leech_seed"
                            }
                        }
                    ]
                },
                "space": "world",
                "command_along_ray": "particle minecraft:falling_spore_blossom ~ ~ ~ 0.1 0.1 0.1 0.1 5 normal"
            },
            {
                "type": "origins:play_sound",
                "sound": "minecraft:block.beacon.power_select",
                "volume": 1,
                "pitch": 1
            }
        ]
    },
    "cooldown": 600,
    "hud_render": {
        "should_render": true,
        "sprite_location": "origins:textures/gui/community/huang/resource_bar_01.png",
        "bar_index": 24
    },
    "key": {
        "key": "key.origins.primary_active"
    }
}