{
    "name": "Master of the Seas",
    "description": "Due to your uniquely hydrodynamic anatomy, along with your finned tail, you’re capable of navigating the seas with the speed and agility like that of a fish.",
    "type": "origins:action_on_callback",
    "entity_action_chosen": {
        "type": "origins:and",
        "actions": [
            {
                "type": "origins:execute_command",
                "command": "power grant @s origins:water_vision"
            },
            {
                "type": "origins:execute_command",
                "command": "power grant @s origins:aqua_affinity"
            },
            {
                "type": "origins:execute_command",
                "command": "power grant @s origins:like_water"
            }
        ]
    },
    "execute_chosen_when_orb": true,
    "entity_action_gained": {
        "type": "origins:and",
        "actions": [
            {
                "type": "origins:execute_command",
                "command": "power grant @s origins:water_vision"
            },
            {
                "type": "origins:execute_command",
                "command": "power grant @s origins:aqua_affinity"
            },
            {
                "type": "origins:execute_command",
                "command": "power grant @s origins:like_water"
            }
        ]
    },
    "entity_action_lost": {
        "type": "origins:and",
        "actions": [
            {
                "type": "origins:execute_command",
                "command": "power remove @s origins:water_vision"
            },
            {
                "type": "origins:execute_command",
                "command": "power remove @s origins:aqua_affinity"
            },
            {
                "type": "origins:execute_command",
                "command": "power remove @s origins:like_water"
            }
        ]
    },
    "entity_action_added": {
        "type": "origins:and",
        "actions": [
            {
                "type": "origins:execute_command",
                "command": "power grant @s origins:water_vision"
            },
            {
                "type": "origins:execute_command",
                "command": "power grant @s origins:aqua_affinity"
            },
            {
                "type": "origins:execute_command",
                "command": "power grant @s origins:like_water"
            }
        ]
    },
    "entity_action_removed": {
        "type": "origins:and",
        "actions": [
            {
                "type": "origins:execute_command",
                "command": "power remove @s origins:water_vision"
            },
            {
                "type": "origins:execute_command",
                "command": "power remove @s origins:aqua_affinity"
            },
            {
                "type": "origins:execute_command",
                "command": "power remove @s origins:like_water"
            }
        ]
    },
    "entity_action_respawned": {
        "type": "origins:and",
        "actions": [
            {
                "type": "origins:execute_command",
                "command": "power grant @s origins:water_vision"
            },
            {
                "type": "origins:execute_command",
                "command": "power grant @s origins:aqua_affinity"
            },
            {
                "type": "origins:execute_command",
                "command": "power grant @s origins:like_water"
            }
        ]
    }
}