{
    "name": "Moist Skin",
    "description": "Like how dolphins have sensitive skin to keep moist, Vaporeontaurs have to do the same to prevent their sensitive skin from drying out.",
    "badges": [
        {
            "type": "origins:tooltip",
            "text": "§3Low moisture may inflict negative effects, prevent natural health regeration, or even damage you.",
            "sprite": "origins:textures/gui/badge/info.png"
        }
    ],
    "type": "origins:multiple",
    "bar": {
        "type": "origins:resource",
        "min": 0,
        "max": 200,
        "start_value": 200,
        "hud_render": {
            "should_render": true,
            "sprite_location": "origins:textures/gui/community/huang/resource_bar_02.png",
            "bar_index": 16
        }
    },
    "in_water": {
        "condition": {
            "type": "origins:fluid_height",
            "fluid": "minecraft:water",
            "comparison": ">",
            "compare_to": 0
        },
        "type": "origins:action_over_time",
        "interval": 10,
        "entity_action": {
            "type": "origins:modify_resource",
            "resource": "eeveelutiontaurs:moist_skin_bar",
            "modifier": {
                "operation": "addition",
                "value": 20
            }
        }
    },
    "in_dry": {
        "condition": {
            "type": "origins:and",
            "conditions": [
                {
                    "inverted": true,
                    "type": "origins:in_rain"
                },
                {
                    "inverted": true,
                    "type": "origins:fluid_height",
                    "fluid": "minecraft:water",
                    "comparison": ">",
                    "compare_to": 0
                },
                {
                    "inverted": true,
                    "type": "origins:biome",
                    "condition": {
                        "type": "origins:precipitation",
                        "precipitation": "none"
                    }
                },
                {
                    "inverted": true,
                    "type": "origins:in_block",
                    "block_condition": {
                        "type": "origins:block",
                        "block": "minecraft:powder_snow"
                    }
                }
            ]
        },
        "type": "origins:action_over_time",
        "interval": 20,
        "entity_action": {
            "type": "origins:modify_resource",
            "resource": "eeveelutiontaurs:moist_skin_bar",
            "modifier": {
                "operation": "addition",
                "value": -1
            }
        }
    },
    "in_very_dry": {
        "condition": {
            "type": "origins:and",
            "conditions": [
                {
                    "type": "origins:biome",
                    "condition": {
                        "type": "origins:precipitation",
                        "precipitation": "none"
                    }
                },
                {
                    "inverted": true,
                    "type": "origins:in_block",
                    "block_condition": {
                        "type": "origins:block",
                        "block": "minecraft:powder_snow"
                    }
                }
            ]
        },
        "type": "origins:action_over_time",
        "interval": 20,
        "entity_action": {
            "type": "origins:modify_resource",
            "resource": "eeveelutiontaurs:moist_skin_bar",
            "modifier": {
                "operation": "addition",
                "value": -2
            }
        }
    },
    "on_fire": {
        "condition": {
            "type": "origins:on_fire"
        },
        "type": "origins:action_over_time",
        "interval": 20,
        "entity_action": {
            "type": "origins:modify_resource",
            "resource": "eeveelutiontaurs:moist_skin_bar",
            "modifier": {
                "operation": "addition",
                "value": -4
            }
        }
    },
    "in_moist": {
        "condition": {
            "type": "origins:or",
            "conditions": [
                {
                    "type": "origins:in_rain"
                },
                {
                    "type": "origins:in_snow"
                },
                {
                    "type": "origins:in_block",
                    "block_condition": {
                        "type": "origins:block",
                        "block": "minecraft:powder_snow"
                    }
                }
            ]
        },
        "type": "origins:action_over_time",
        "interval": 20,
        "entity_action": {
            "type": "origins:modify_resource",
            "resource": "eeveelutiontaurs:moist_skin_bar",
            "modifier": {
                "operation": "addition",
                "value": 2
            }
        }
    },
    "low_moist": {
        "condition": {
            "type": "origins:and",
            "conditions": [
                {
                    "type": "origins:resource",
                    "resource": "eeveelutiontaurs:moist_skin_bar",
                    "comparison": ">=",
                    "compare_to": 1
                },
                {
                    "type": "origins:resource",
                    "resource": "eeveelutiontaurs:moist_skin_bar",
                    "comparison": "<=",
                    "compare_to": 80
                }
            ]
        },
        "type": "origins:stacking_status_effect",
        "min_stacks": 0,
        "max_stacks": 1,
        "duration_per_stack": 100,
        "tick_rate": 20,
        "effects": [
            {
                "effect": "minecraft:weakness",
                "duration": 100,
                "amplifier": 0,
                "is_ambient": true,
                "show_particles": false,
                "show_icon": true
            },
            {
                "effect": "minecraft:mining_fatigue",
                "duration": 100,
                "amplifier": 0,
                "is_ambient": true,
                "show_particles": false,
                "show_icon": true
            },
            {
                "effect": "minecraft:slowness",
                "duration": 100,
                "amplifier": 1,
                "is_ambient": true,
                "show_particles": false,
                "show_icon": true
            }
        ]
    },
    "zero_moist_effect": {
        "condition": {
            "type": "origins:resource",
            "resource": "eeveelutiontaurs:moist_skin_bar",
            "comparison": "==",
            "compare_to": 0
        },
        "type": "origins:stacking_status_effect",
        "min_stacks": 0,
        "max_stacks": 1,
        "duration_per_stack": 100,
        "tick_rate": 20,
        "effects": [
            {
                "effect": "minecraft:weakness",
                "duration": 100,
                "amplifier": 1,
                "is_ambient": true,
                "show_particles": false,
                "show_icon": true
            },
            {
                "effect": "minecraft:mining_fatigue",
                "duration": 100,
                "amplifier": 1,
                "is_ambient": true,
                "show_particles": false,
                "show_icon": true
            },
            {
                "effect": "minecraft:slowness",
                "duration": 100,
                "amplifier": 2,
                "is_ambient": true,
                "show_particles": false,
                "show_icon": true
            }
        ]
    },
    "zero_moist_damage": {
        "condition": {
            "type": "origins:resource",
            "resource": "eeveelutiontaurs:moist_skin_bar",
            "comparison": "==",
            "compare_to": 0
        },
        "type": "origins:action_over_time",
        "interval": 20,
        "entity_action": {
            "type": "origins:damage",
            "amount": 3,
            "damage_type": "dry_out"
        }
    },
    "refill_death": {
        "type": "origins:action_on_death",
        "bientity_action": {
            "type": "origins:target_action",
            "action": {
                "type": "origins:modify_resource",
                "resource": "eeveelutiontaurs:moist_skin_bar",
                "modifier": {
                    "operation": "set_total",
                    "value": 200
                }
            }
        }
    },
    "very_low_moist_no_regen": {
        "condition": {
            "type": "origins:resource",
            "resource": "eeveelutiontaurs:moist_skin_bar",
            "comparison": "<=",
            "compare_to": 40
        },
        "type": "origins:disable_regen"
    },
    "key11": {
        "type": "origins:action_over_time",
        "interval": 20,
        "entity_action": {
            "type": "origins:nothing"
        }
    }
}