{
    "name": "Moonblast",
    "description": "You have access to the move Moonblast, which allows you to fire a beam of energy, charged by moonlight, at opponents. (10 second cooldown)",
    "badges": [
        {
            "type": "origins:tooltip",
            "text": "§dOnly works when exposed to moonlight.",
            "sprite": "origins:textures/gui/badge/info.png"
        }
    ],
    "condition": {
        "type": "origins:and",
        "conditions": [
            {
                "type": "origins:dimension",
                "dimension": "minecraft:overworld"
            },
            {
                "type": "origins:exposed_to_sky"
            },
            {
                "type": "origins:time_of_day",
                "comparison": ">=",
                "compare_to": 13000
            }
        ]
    },
    "type": "origins:active_self",
    "entity_action": {
        "type": "origins:and",
        "actions": [
            {
                "type": "origins:raycast",
                "distance": 20,
                "block": true,
                "entity": true,
                "shape_type": "outline",
                "fluid_handling": "any",
                "bientity_action": {
                    "type": "origins:target_action",
                    "action": {
                        "type": "origins:and",
                        "actions": [
                            {
                                "type": "origins:execute_command",
                                "command": "particle minecraft:glow ~ ~1 ~ 0.2 0.5 0.2 0.7 100 normal"
                            },
                            {
                                "type": "origins:play_sound",
                                "sound": "minecraft:block.amethyst_cluster.break",
                                "volume": 1,
                                "pitch": 1
                            },
                            {
                                "type": "origins:damage",
                                "amount": 12,
                                "damage_type": "magic"
                            },
                            {
                                "type": "origins:apply_effect",
                                "effect": {
                                    "effect": "minecraft:weakness",
                                    "duration": 100,
                                    "amplifier": 0,
                                    "show_particles": true,
                                    "show_icon": true
                                }
                            }
                        ]
                    }
                },
                "space": "world",
                "command_along_ray": "particle minecraft:glow_squid_ink ~ ~ ~ 0.2 0.2 0.2 0.1 3 normal"
            },
            {
                "type": "origins:play_sound",
                "sound": "minecraft:entity.wither.spawn",
                "volume": 1,
                "pitch": 1.7
            }
        ]
    },
    "cooldown": 200,
    "hud_render": {
        "should_render": true,
        "sprite_location": "origins:textures/gui/community/spiderkolo/resource_bar_02.png",
        "bar_index": 23
    },
    "key": {
        "key": "key.origins.primary_active"
    }
}