{
    "name": "One With Nature",
    "description": "Right click with an open hand to bonemeal any surface. If successful, you are exhausted considerably in terms of hunger.",
    "condition": {
        "inverted": true,
        "type": "origins:sneaking"
    },
    "type": "origins:action_on_block_use",
    "block_condition": {
        "type": "origins:or",
        "conditions": [
            {
                "type": "origins:in_tag",
                "tag": "saplings"
            },
            {
                "type": "origins:in_tag",
                "tag": "small_flowers"
            },
            {
                "type": "origins:in_tag",
                "tag": "bee_growables"
            },
            {
                "type": "origins:in_tag",
                "tag": "cave_vines"
            },
            {
                "type": "origins:in_tag",
                "tag": "flowers"
            },
            {
                "type": "origins:in_tag",
                "tag": "flowers"
            },
            {
                "type": "origins:in_tag",
                "tag": "nylium"
            },
            {
                "type": "origins:in_tag",
                "tag": "underwater_bonemeals"
            },
            {
                "type": "origins:block",
                "block": "minecraft:grass_block"
            },
            {
                "type": "origins:block",
                "block": "minecraft:moss_block"
            }
        ]
    },
    "item_condition": {
        "type": "origins:empty"
    },
    "entity_action": {
        "type": "origins:exhaust",
        "amount": 30
    },
    "block_action": {
        "type": "origins:area_of_effect",
        "radius": 3,
        "shape": "sphere",
        "block_action": {
            "type": "origins:bonemeal",
            "effects": true
        }
    },
    "action_result": "success"
}