{
    "name": "Paralyzed",
    "description": "You have been paralyzed, making you unable to move!",
    "hidden": true,
    "type": "origins:multiple",
    "bar": {
        "type": "origins:resource",
        "min": 0,
        "max": 10,
        "start_value": 10,
        "hud_render": {
            "should_render": true,
            "sprite_location": "origins:textures/gui/community/huang/resource_bar_01.png",
            "bar_index": 14
        },
        "min_action": {
            "type": "origins:remove_power",
            "power": "eeveelutiontaurs:paralyzed"
        }
    },
    "countdown": {
        "type": "origins:action_over_time",
        "interval": 20,
        "entity_action": {
            "type": "origins:modify_resource",
            "resource": "eeveelutiontaurs:paralyzed_bar",
            "modifier": {
                "operation": "addition",
                "value": -1
            }
        }
    },
    "particles": {
        "type": "origins:particle",
        "particle": "minecraft:electric_spark",
        "frequency": 5,
        "count": 4,
        "speed": 0,
        "spread": {
            "x": 0.5,
            "y": 0.5,
            "z": 0.5
        },
        "offset_x": 0,
        "offset_y": 1,
        "offset_z": 0,
        "visible_while_invisible": true
    },
    "remove_on_death": {
        "type": "origins:action_on_death",
        "bientity_action": {
            "type": "origins:target_action",
            "action": {
                "type": "origins:remove_power",
                "power": "eeveelutiontaurs:paralyzed"
            }
        }
    },
    "paralysis": {
        "type": "origins:modify_velocity",
        "modifier": {
            "operation": "set_total",
            "value": 0
        },
        "axes": [
            "x",
            "z"
        ]
    }
}