{
    "name": "Piercing Vision",
    "description": "You have perfect vision in darkness, great for hunting at night.",
    "type": "origins:multiple",
    "info": {
        "condition": {
            "type": "origins:power_active",
            "power": "*:*_toggle"
        },
        "type": "origins:action_over_time",
        "interval": 5,
        "rising_action": {
            "type": "origins:and",
            "actions": [
                {
                    "type": "origins:execute_command",
                    "command": "title @s actionbar [\"\",{\"text\":\"Piercing Vision: \"},{\"text\":\"ON\",\"color\":\"green\"}]"
                }
            ]
        },
        "falling_action": {
            "type": "origins:execute_command",
            "command": "title @s actionbar [\"\",{\"text\":\"Piercing Vision: \"},{\"text\":\"OFF\",\"color\":\"red\"}]"
        }
    },
    "toggle": {
        "type": "origins:toggle_night_vision",
        "active_by_default": true,
        "strength": 0.4,
        "key": {
            "key": "key.origins.secondary_active"
        }
    }
}