{
    "name": "Play Rough",
    "description": "You have access to the move Play Rough, which allows you to deal considerable damage to your opponent at close range while having a chance to inflict weakness (4 second cooldown).",
    "type": "origins:active_self",
    "entity_action": {
        "type": "origins:and",
        "actions": [
            {
                "type": "origins:delay",
                "action": {
                    "type": "origins:and",
                    "actions": [
                        {
                            "type": "origins:raycast",
                            "distance": 5,
                            "block": true,
                            "entity": true,
                            "shape_type": "outline",
                            "fluid_handling": "any",
                            "bientity_action": {
                                "type": "origins:target_action",
                                "action": {
                                    "type": "origins:and",
                                    "actions": [
                                        {
                                            "type": "origins:execute_command",
                                            "command": "particle minecraft:cloud ~ ~1 ~ 0.5 0.5 0.5 0.3 30 normal"
                                        },
                                        {
                                            "type": "origins:play_sound",
                                            "sound": "minecraft:entity.player.attack.strong",
                                            "volume": 1,
                                            "pitch": 1
                                        },
                                        {
                                            "type": "origins:damage",
                                            "amount": 10,
                                            "damage_type": "player_attack"
                                        },
                                        {
                                            "type": "origins:execute_command",
                                            "command": "particle minecraft:angry_villager ~ ~1 ~ 0.3 0.3 0.3 0 10 normal"
                                        },
                                        {
                                            "type": "origins:chance",
                                            "chance": 0.1,
                                            "action": {
                                                "type": "origins:apply_effect",
                                                "effect": {
                                                    "effect": "minecraft:weakness",
                                                    "duration": 120,
                                                    "amplifier": 0,
                                                    "show_particles": true,
                                                    "show_icon": true
                                                }
                                            }
                                        }
                                    ]
                                }
                            },
                            "space": "world"
                        },
                        {
                            "type": "origins:play_sound",
                            "sound": "minecraft:entity.player.attack.strong",
                            "volume": 1,
                            "pitch": 1
                        }
                    ]
                },
                "ticks": 0
            }
        ]
    },
    "cooldown": 80,
    "hud_render": {
        "should_render": true,
        "sprite_location": "origins:textures/gui/community/spiderkolo/resource_bar_03.png",
        "bar_index": 22
    },
    "key": {
        "key": "key.origins.secondary_active",
        "continuous": true
    }
}