{
    "name": "Quadrupedal",
    "description": "Due to your quadrupedal body of a Taur, you’re naturally quick and agile in terms of movement.",
    "type": "origins:multiple",
    "speed": {
        "type": "origins:attribute",
        "modifier": {
            "attribute": "minecraft:generic.movement_speed",
            "operation": "multiply_total",
            "value": 0.5
        },
        "update_health": true
    },
    "air_speed": {
        "type": "origins:modify_air_speed",
        "modifier": {
            "operation": "multiply_total",
            "value": 0.5
        }
    },
    "jump_height": {
        "type": "origins:modify_jump",
        "modifier": {
            "operation": "addition",
            "value": 0.2
        }
    },
    "fall_resistance": {
        "condition": {
            "type": "origins:fall_distance",
            "comparison": "<",
            "compare_to": 5
        },
        "type": "origins:invulnerability",
        "damage_condition": {
            "type": "origins:name",
            "name": "fall"
        }
    }
}