{
    "name": "Quick Feet",
    "description": "You are granted a speed boost whenever you have a negative status effect.",
    "condition": {
        "type": "origins:or",
        "conditions": [
            {
                "type": "origins:status_effect",
                "effect": "minecraft:slowness"
            },
            {
                "type": "origins:status_effect",
                "effect": "minecraft:mining_fatigue"
            },
            {
                "type": "origins:status_effect",
                "effect": "minecraft:nausea"
            },
            {
                "type": "origins:status_effect",
                "effect": "minecraft:blindness"
            },
            {
                "type": "origins:status_effect",
                "effect": "minecraft:hunger"
            },
            {
                "type": "origins:status_effect",
                "effect": "minecraft:weakness"
            },
            {
                "type": "origins:status_effect",
                "effect": "minecraft:poison"
            },
            {
                "type": "origins:status_effect",
                "effect": "minecraft:wither"
            },
            {
                "type": "origins:status_effect",
                "effect": "minecraft:levitation"
            },
            {
                "type": "origins:status_effect",
                "effect": "minecraft:unluck"
            },
            {
                "type": "origins:status_effect",
                "effect": "minecraft:darkness"
            }
        ]
    },
    "type": "origins:conditioned_attribute",
    "modifier": {
        "attribute": "minecraft:generic.movement_speed",
        "operation": "addition",
        "value": 0.05
    },
    "tick_rate": 20,
    "update_health": true
}