{
    "name": "Seeded",
    "description": "You've been seeded with Leech Seed, which drains your health!",
    "hidden": true,
    "type": "origins:multiple",
    "bar": {
        "type": "origins:resource",
        "min": 0,
        "max": 10,
        "start_value": 10,
        "hud_render": {
            "should_render": true,
            "sprite_location": "origins:textures/gui/community/spiderkolo/resource_bar_02.png",
            "bar_index": 10
        },
        "min_action": {
            "type": "origins:remove_power",
            "power": "eeveelutiontaurs:seeded"
        }
    },
    "countdown": {
        "type": "origins:action_over_time",
        "interval": 40,
        "entity_action": {
            "type": "origins:and",
            "actions": [
                {
                    "type": "origins:modify_resource",
                    "resource": "eeveelutiontaurs:seeded_bar",
                    "modifier": {
                        "operation": "addition",
                        "value": -1
                    }
                },
                {
                    "type": "origins:damage",
                    "amount": 1,
                    "damage_type": "sweet_berry_bush"
                }
            ]
        }
    },
    "particles": {
        "type": "origins:particle",
        "particle": "minecraft:spore_blossom_air",
        "frequency": 5,
        "count": 10,
        "speed": 0,
        "spread": {
            "x": 0.5,
            "y": 0.5,
            "z": 0.5
        },
        "offset_x": 0,
        "offset_y": 1,
        "offset_z": 0,
        "visible_while_invisible": true
    },
    "remove_on_death": {
        "type": "origins:action_on_death",
        "bientity_action": {
            "type": "origins:target_action",
            "action": {
                "type": "origins:remove_power",
                "power": "eeveelutiontaurs:seeded"
            }
        }
    }
}