{
    "name": "Static",
    "description": "Any ground movement, especially on carpet & wool, will build up static electricity. Attacking will lower your gauge a small amount, but do extra damage to a target. However, if you build the gauge to max, your next attack will cause a lightning strike, and completely empty your gauge.",
    "type": "origins:multiple",
    "bar": {
        "type": "origins:resource",
        "min": 0,
        "max": 350,
        "start_value": 0,
        "hud_render": {
            "should_render": true,
            "sprite_location": "origins:textures/gui/resource_bar.png",
            "bar_index": 2
        }
    },
    "carpet_increase": {
        "condition": {
            "type": "origins:and",
            "conditions": [
                {
                    "type": "origins:moving"
                },
                {
                    "type": "origins:or",
                    "conditions": [
                        {
                            "type": "origins:on_block",
                            "block_condition": {
                                "type": "origins:in_tag",
                                "tag": "eeveelutiontaurs:static_blocks"
                            }
                        },
                        {
                            "type": "origins:in_block",
                            "block_condition": {
                                "type": "origins:in_tag",
                                "tag": "eeveelutiontaurs:static_blocks"
                            }
                        }
                    ]
                }
            ]
        },
        "type": "origins:action_over_time",
        "interval": 4,
        "entity_action": {
            "type": "origins:modify_resource",
            "resource": "eeveelutiontaurs:static_bar",
            "modifier": {
                "operation": "addition",
                "value": 6
            }
        }
    },
    "non_carpet_increase": {
        "condition": {
            "type": "origins:and",
            "conditions": [
                {
                    "type": "origins:moving"
                },
                {
                    "type": "origins:on_block",
                    "block_condition": {
                        "type": "origins:and",
                        "conditions": [
                            {
                                "inverted": true,
                                "type": "origins:in_tag",
                                "tag": "eeveelutiontaurs:metallic_blocks"
                            },
                            {
                                "inverted": true,
                                "type": "origins:in_tag",
                                "tag": "eeveelutiontaurs:static_blocks"
                            }
                        ]
                    }
                }
            ]
        },
        "type": "origins:action_over_time",
        "interval": 6,
        "entity_action": {
            "type": "origins:modify_resource",
            "resource": "eeveelutiontaurs:static_bar",
            "modifier": {
                "operation": "addition",
                "value": 1
            }
        }
    },
    "damage_low": {
        "condition": {
            "type": "origins:and",
            "conditions": [
                {
                    "type": "origins:resource",
                    "resource": "eeveelutiontaurs:static_bar",
                    "comparison": ">=",
                    "compare_to": 50
                },
                {
                    "type": "origins:resource",
                    "resource": "eeveelutiontaurs:static_bar",
                    "comparison": "<",
                    "compare_to": 350
                }
            ]
        },
        "type": "origins:modify_damage_dealt",
        "modifier": {
            "operation": "addition",
            "value": 2
        },
        "bientity_action": {
            "type": "origins:and",
            "actions": [
                {
                    "type": "origins:target_action",
                    "action": {
                        "type": "origins:and",
                        "actions": [
                            {
                                "type": "origins:execute_command",
                                "command": "particle minecraft:electric_spark ~ ~0.5 ~ 0.5 0.8 0.5 0 50"
                            },
                            {
                                "type": "origins:play_sound",
                                "sound": "minecraft:entity.lightning_bolt.thunder",
                                "volume": 1,
                                "pitch": 2
                            }
                        ]
                    }
                },
                {
                    "type": "origins:actor_action",
                    "action": {
                        "type": "origins:modify_resource",
                        "resource": "eeveelutiontaurs:static_bar",
                        "modifier": {
                            "operation": "addition",
                            "value": -50
                        }
                    }
                }
            ]
        }
    },
    "charged_particles": {
        "condition": {
            "type": "origins:resource",
            "resource": "eeveelutiontaurs:static_bar",
            "comparison": "==",
            "compare_to": 350
        },
        "type": "origins:particle",
        "particle": "minecraft:end_rod",
        "frequency": 5,
        "count": 4,
        "speed": 0,
        "spread": {
            "x": 1,
            "y": 0.7,
            "z": 1
        },
        "offset_x": 0,
        "offset_y": 1,
        "offset_z": 0,
        "visible_in_first_person": true,
        "visible_while_invisible": true
    },
    "damage_high": {
        "condition": {
            "type": "origins:resource",
            "resource": "eeveelutiontaurs:static_bar",
            "comparison": "==",
            "compare_to": 350
        },
        "type": "origins:action_on_hit",
        "bientity_action": {
            "type": "origins:and",
            "actions": [
                {
                    "type": "origins:target_action",
                    "action": {
                        "type": "origins:execute_command",
                        "command": "summon lightning_bolt ~ ~ ~"
                    }
                },
                {
                    "type": "origins:actor_action",
                    "action": {
                        "type": "origins:modify_resource",
                        "resource": "eeveelutiontaurs:static_bar",
                        "modifier": {
                            "operation": "set_total",
                            "value": 0
                        }
                    }
                }
            ]
        },
        "cooldown": 1,
        "hud_render": {
            "should_render": false
        }
    }
}