{
    "name": "Superheated",
    "description": "Due to your body being naturally designed to contain extremely high temperatures, you’re immune to all forms of damage from heat, and being hit sets enemies on fire.",
    "type": "origins:multiple",
    "immunity": {
        "type": "origins:invulnerability",
        "damage_condition": {
            "type": "origins:or",
            "conditions": [
                {
                    "type": "origins:name",
                    "name": "inFire"
                },
                {
                    "type": "origins:name",
                    "name": "hotFloor"
                },
                {
                    "type": "origins:name",
                    "name": "onFire"
                },
                {
                    "type": "origins:name",
                    "name": "lava"
                }
            ]
        }
    },
    "being_hit": {
        "type": "origins:action_when_hit",
        "bientity_action": {
            "type": "origins:actor_action",
            "action": {
                "type": "origins:set_on_fire",
                "duration": 4
            }
        },
        "cooldown": 1,
        "hud_render": {
            "should_render": false
        }
    },
    "hitting": {
        "type": "origins:target_action_on_hit",
        "entity_action": {
            "type": "origins:set_on_fire",
            "duration": 4
        },
        "cooldown": 1,
        "hud_render": {
            "should_render": false
        }
    },
    "extinguish": {
        "condition": {
            "type": "origins:on_fire"
        },
        "type": "origins:action_over_time",
        "interval": 5,
        "entity_action": {
            "type": "origins:extinguish"
        }
    }
}