{
    "hidden": true,
    "type": "origins:multiple",
    "speed": {
        "type": "origins:modify_swim_speed",
        "modifier": {
            "operation": "multiply_base",
            "value": 0.8,
            "name": "Additional swim speed"
        }
    },
    "depth_strider_one": {
        "condition": {
            "type": "origins:equipped_item",
            "equipment_slot": "feet",
            "item_condition": {
                "type": "origins:enchantment",
                "enchantment": "minecraft:depth_strider",
                "comparison": "==",
                "compare_to": 1
            }
        },
        "type": "origins:modify_swim_speed",
        "modifier": {
            "operation": "multiply_base",
            "value": -0.3,
            "name": "Additional swim speed"
        }
    },
    "depth_strider_two": {
        "condition": {
            "type": "origins:equipped_item",
            "equipment_slot": "feet",
            "item_condition": {
                "type": "origins:enchantment",
                "enchantment": "minecraft:depth_strider",
                "comparison": "==",
                "compare_to": 2
            }
        },
        "type": "origins:modify_swim_speed",
        "modifier": {
            "operation": "multiply_base",
            "value": -0.3,
            "name": "Additional swim speed"
        }
    },
    "depth_strider_three": {
        "condition": {
            "type": "origins:equipped_item",
            "equipment_slot": "feet",
            "item_condition": {
                "type": "origins:enchantment",
                "enchantment": "minecraft:depth_strider",
                "comparison": "==",
                "compare_to": 3
            }
        },
        "type": "origins:modify_swim_speed",
        "modifier": {
            "operation": "multiply_base",
            "value": -0.2,
            "name": "Additional swim speed"
        }
    }
}