{
    "name": "Thief",
    "description": "You have access to the move Thief, which deals damage and causes non-player enemies to drop their main hand item (15 second cooldown).",
    "condition": {
        "inverted": true,
        "type": "origins:sneaking"
    },
    "type": "origins:active_self",
    "entity_action": {
        "type": "origins:raycast",
        "distance": 6,
        "block": true,
        "entity": true,
        "shape_type": "outline",
        "fluid_handling": "any",
        "bientity_action": {
            "type": "origins:and",
            "actions": [
                {
                    "type": "origins:target_action",
                    "action": {
                        "type": "origins:and",
                        "actions": [
                            {
                                "type": "origins:if_else",
                                "condition": {
                                    "inverted": true,
                                    "type": "origins:entity_type",
                                    "entity_type": "minecraft:player"
                                },
                                "if_action": {
                                    "type": "origins:drop_inventory",
                                    "inventory_type": "inventory",
                                    "slots": [],
                                    "slot": "weapon.mainhand",
                                    "retain_ownership": true
                                },
                                "else_action": {
                                    "type": "origins:nothing"
                                }
                            },
                            {
                                "type": "origins:damage",
                                "amount": 8,
                                "damage_type": "player_attack"
                            }
                        ]
                    }
                },
                {
                    "type": "origins:actor_action",
                    "action": {
                        "type": "origins:play_sound",
                        "sound": "minecraft:entity.player.attack.sweep",
                        "volume": 1,
                        "pitch": 1.4
                    }
                }
            ]
        },
        "space": "world",
        "command_along_ray": "particle minecraft:sweep_attack ~ ~ ~ 0 0 0 0 1 normal",
        "command_step": 1.5
    },
    "cooldown": 300,
    "hud_render": {
        "should_render": true,
        "sprite_location": "origins:textures/gui/community/huang/resource_bar_01.png",
        "bar_index": 17
    },
    "key": {
        "key": "key.origins.primary_active"
    }
}