{
    "name": "Too Cute!",
    "description": "You’re just so cute and lovable, villagers are willing to give you discounts and even give you stuff for free!",
    "type": "origins:stacking_status_effect",
    "min_stacks": 0,
    "max_stacks": 1,
    "duration_per_stack": 100,
    "tick_rate": 20,
    "effect": {
        "effect": "minecraft:hero_of_the_village",
        "duration": 100,
        "amplifier": 0,
        "is_ambient": true,
        "show_particles": false,
        "show_icon": false
    }
}