{
    "name": "Triple Axel",
    "description": "You have access to the move Triple Axel, which inflicts 3 short bursts of damage with each one being slightly stronger than the last (5 second cooldown).",
    "condition": {
        "inverted": true,
        "type": "origins:sneaking"
    },
    "type": "origins:active_self",
    "entity_action": {
        "type": "origins:and",
        "actions": [
            {
                "type": "origins:delay",
                "action": {
                    "type": "origins:and",
                    "actions": [
                        {
                            "type": "origins:raycast",
                            "distance": 5,
                            "block": true,
                            "entity": true,
                            "shape_type": "outline",
                            "fluid_handling": "any",
                            "bientity_action": {
                                "type": "origins:target_action",
                                "action": {
                                    "type": "origins:and",
                                    "actions": [
                                        {
                                            "type": "origins:execute_command",
                                            "command": "particle minecraft:flash ~ ~ ~ 0 0 0 0 1 normal"
                                        },
                                        {
                                            "type": "origins:play_sound",
                                            "sound": "minecraft:block.amethyst_cluster.break",
                                            "volume": 1,
                                            "pitch": 1
                                        },
                                        {
                                            "type": "origins:damage",
                                            "amount": 4,
                                            "damage_type": "player_attack"
                                        }
                                    ]
                                }
                            },
                            "space": "world",
                            "command_along_ray": "particle minecraft:snowflake ~ ~ ~ 0 0 0 0.1 5 normal"
                        },
                        {
                            "type": "origins:play_sound",
                            "sound": "minecraft:entity.player.attack.sweep",
                            "volume": 1,
                            "pitch": 1
                        }
                    ]
                },
                "ticks": 0
            },
            {
                "type": "origins:delay",
                "action": {
                    "type": "origins:and",
                    "actions": [
                        {
                            "type": "origins:raycast",
                            "distance": 5,
                            "block": true,
                            "entity": true,
                            "shape_type": "outline",
                            "fluid_handling": "any",
                            "bientity_action": {
                                "type": "origins:target_action",
                                "action": {
                                    "type": "origins:and",
                                    "actions": [
                                        {
                                            "type": "origins:execute_command",
                                            "command": "particle minecraft:flash ~ ~ ~ 0 0 0 0 1 normal"
                                        },
                                        {
                                            "type": "origins:play_sound",
                                            "sound": "minecraft:block.amethyst_cluster.break",
                                            "volume": 1,
                                            "pitch": 1
                                        },
                                        {
                                            "type": "origins:damage",
                                            "amount": 6,
                                            "damage_type": "player_attack"
                                        }
                                    ]
                                }
                            },
                            "space": "world",
                            "command_along_ray": "particle minecraft:snowflake ~ ~ ~ 0 0 0 0.1 5 normal"
                        },
                        {
                            "type": "origins:play_sound",
                            "sound": "minecraft:entity.player.attack.sweep",
                            "volume": 1,
                            "pitch": 1
                        }
                    ]
                },
                "ticks": 15
            },
            {
                "type": "origins:delay",
                "action": {
                    "type": "origins:and",
                    "actions": [
                        {
                            "type": "origins:raycast",
                            "distance": 5,
                            "block": true,
                            "entity": true,
                            "shape_type": "outline",
                            "fluid_handling": "any",
                            "bientity_action": {
                                "type": "origins:target_action",
                                "action": {
                                    "type": "origins:and",
                                    "actions": [
                                        {
                                            "type": "origins:execute_command",
                                            "command": "particle minecraft:flash ~ ~ ~ 0 0 0 0 1 normal"
                                        },
                                        {
                                            "type": "origins:play_sound",
                                            "sound": "minecraft:block.amethyst_cluster.break",
                                            "volume": 1,
                                            "pitch": 1
                                        },
                                        {
                                            "type": "origins:damage",
                                            "amount": 8,
                                            "damage_type": "player_attack"
                                        }
                                    ]
                                }
                            },
                            "space": "world",
                            "command_along_ray": "particle minecraft:snowflake ~ ~ ~ 0 0 0 0.1 5 normal"
                        },
                        {
                            "type": "origins:play_sound",
                            "sound": "minecraft:entity.player.attack.sweep",
                            "volume": 1,
                            "pitch": 1
                        }
                    ]
                },
                "ticks": 30
            }
        ]
    },
    "cooldown": 140,
    "hud_render": {
        "should_render": true,
        "sprite_location": "origins:textures/gui/community/spiderkolo/resource_bar_02.png",
        "bar_index": 1
    },
    "key": {
        "key": "key.origins.primary_active"
    }
}